{
    "accuracy": 0.9413561392791692,
    "precision": 0.815,
    "recall": 0.7342342342342343,
    "auc": 0.9402349345812242
}
